name,url,city,count
Флорист,https://hh.ru/vacancy/121229346,Астана,1
Модель,https://hh.ru/vacancy/121344506,Астана,1
Администратор в компьютерный клуб Aztec,https://hh.ru/vacancy/120806722,Астана,1
Бариста Bubble Tea & ice cream,https://hh.ru/vacancy/121185713,Астана,1
Бухгалтер,https://hh.ru/vacancy/121318125,Не указано,1
Администратор компьютерного клуба,https://hh.ru/vacancy/120415516,Астана,1
Семейный водитель,https://hh.ru/vacancy/121319967,Не указано,1
Системный администратор,https://hh.ru/vacancy/121449633,Не указано,1
Оператор компьютерного клуба,https://hh.ru/vacancy/120724666,Астана,1
Бариста в Boba tea,https://hh.ru/vacancy/121040671,Астана,1
Системный администратор IT,https://hh.ru/vacancy/121514382,Не указано,1
Ассистент - помощница (помощник),https://hh.ru/vacancy/120987710,Астана,1
Администратор,https://hh.ru/vacancy/121434506,Астана,1
Бариста,https://hh.ru/vacancy/120651182,Не указано,1
Администратор,https://hh.ru/vacancy/121462027,Астана,1
Юрист,https://hh.ru/vacancy/121537451,Не указано,1
Администратор пункта выдачи,https://hh.ru/vacancy/121337283,Астана,1
Кассир в кофейню «ZEBRA COFFEE»,https://hh.ru/vacancy/121519972,Нур-Султан (Астана),1
Кассир в кофейню «ZEBRA COFFEE»,https://hh.ru/vacancy/120749098,Астана,1
Шеф-повар,https://hh.ru/vacancy/121336330,Не указано,1
Администратор салона красоты,https://hh.ru/vacancy/121260862,Нур-Султан (Астана),1
Администратор на ресепшен,https://hh.ru/vacancy/121420860,Не указано,1
Помощник руководителя,https://hh.ru/vacancy/121512655,Астана,1
Менеджер в приемную комиссию,https://hh.ru/vacancy/121540327,Астана,1
Бухгалтер,https://hh.ru/vacancy/121543744,Не указано,1
Strong Junior Java Developer,https://hh.ru/vacancy/121500696,Не указано,1
Флорист,https://hh.ru/vacancy/121448192,Астана,1
Администратор,https://hh.ru/vacancy/120823714,Астана,1
Инженер КИПиА / Инженер по промышленному мониторингу (Астана),https://hh.ru/vacancy/121530115,Не указано,1
Бухгалтер,https://hh.ru/vacancy/121381790,Не указано,1
Мастер лазерной эпиляции,https://hh.ru/vacancy/120823179,Астана,1
Менеджер по продажам (ВЫСОКИЙ ОКЛАД+ %) УДАЛЕНО,https://hh.ru/vacancy/121508595,Не указано,1
Бариста,https://hh.ru/vacancy/121372645,Астана,1
Администратор в детский центр,https://hh.ru/vacancy/121481175,Астана,1
Администратор в студию йоги,https://hh.ru/vacancy/121362735,Астана,1
Продавец вафель,https://hh.ru/vacancy/121059086,Не указано,1
Администратор,https://hh.ru/vacancy/121528021,Не указано,1
Администратор в студию йоги/салон красоты,https://hh.ru/vacancy/121311480,Астана,1
Учитель английского языка,https://hh.ru/vacancy/121312876,Астана,1
Официант,https://hh.ru/vacancy/120415174,Астана,1
Помощник руководителя с функциями личного водителя,https://hh.ru/vacancy/121549400,Астана,1
Кассир-бариста в ZEBRA COFFEE,https://hh.ru/vacancy/120536448,Нур-Султан (Астана),1
Официант,https://hh.ru/vacancy/121298522,Астана,1
Менеджер Wildberries,https://hh.ru/vacancy/120435795,Не указано,1
Менеджер Каспи магазина,https://hh.ru/vacancy/120462367,Астана,1
Преподаватель английского языка,https://hh.ru/vacancy/121435868,Астана,1
Бухгалтер,https://hh.ru/vacancy/121516325,Не указано,1
Специалист технической поддержки (IT),https://hh.ru/vacancy/121540879,Не указано,1
Специалист по работе с данными,https://hh.ru/vacancy/121506147,Не указано,1
Редактор дубляжа,https://hh.ru/vacancy/121506676,Не указано,1
Офис-менеджер/Помощник руководителя,https://hh.ru/vacancy/121549045,Не указано,1
Сборщик заказов,https://hh.ru/vacancy/120005568,Астана,1
Мобилограф,https://hh.ru/vacancy/121529710,Астана,1
Рассыльщик персонализированных сообщений,https://hh.ru/vacancy/120606028,Не указано,1
Хостес в салон красоты QUEEN BEE,https://hh.ru/vacancy/121440019,Астана,1
Менеджер отдела продаж,https://hh.ru/vacancy/121502498,Не указано,1
Главный инженер производства,https://hh.ru/vacancy/121508028,Не указано,1
Администратор в клинику пластической хирургии,https://hh.ru/vacancy/121234984,Астана,1
Вожатый в летний лагерь,https://hh.ru/vacancy/120981094,Астана,1
Преподаватель английского языка,https://hh.ru/vacancy/121506085,Астана,1
Специалист бэк-офиса,https://hh.ru/vacancy/121445551,Астана,1
Помощник бухгалтера,https://hh.ru/vacancy/121513312,Не указано,1
Охранник,https://hh.ru/vacancy/121465336,Не указано,1
Личный водитель (семейный / для руководителя),https://hh.ru/vacancy/120978742,Не указано,1
Архивариус,https://hh.ru/vacancy/121450378,Не указано,1
Корпоративный юрист/Юрист по корпоративным проектам,https://hh.ru/vacancy/121485141,Не указано,1
Юрист,https://hh.ru/vacancy/121523390,Не указано,1
Специалист по контролю качества,https://hh.ru/vacancy/121494213,Нур-Султан (Астана),1
Администратор,https://hh.ru/vacancy/121500726,Не указано,1
Бариста в кофейню Starbucks,https://hh.ru/vacancy/121005761,Не указано,1
Няня,https://hh.ru/vacancy/121384202,Астана,1
Секретарь руководителя,https://hh.ru/vacancy/121528124,Астана,1
Менеджер по продажам,https://hh.ru/vacancy/120976807,Астана,1
Водитель,https://hh.ru/vacancy/121402589,Астана,1
Кассир в кофейню “ZEBRA COFFEE”,https://hh.ru/vacancy/120848279,Астана,1
Координатор по маркетингу и PR,https://hh.ru/vacancy/121540621,Астана,1
Бариста в кофейню,https://hh.ru/vacancy/121494690,Астана,1
Аналитик данных,https://hh.ru/vacancy/121520963,Астана,1
Администратор клиники красоты и эстетики,https://hh.ru/vacancy/120982859,Астана,1
Маркетолог,https://hh.ru/vacancy/121504151,Не указано,1
Офис-менеджер,https://hh.ru/vacancy/121485507,Не указано,1
Администратор учебного центра,https://hh.ru/vacancy/120625778,Не указано,1
Продавец-кассир,https://hh.ru/vacancy/120669718,Не указано,1
Бухгалтер,https://hh.ru/vacancy/121538528,Астана,1
Офис-менеджер,https://hh.ru/vacancy/121472520,Астана,1
"Бухгалтер (банк, касса)",https://hh.ru/vacancy/121493506,Астана,1
Агент по продаже авиабилетов,https://hh.ru/vacancy/121501654,Не указано,1
Продавец-консультант/кассир (ТРЦ Keruen City ),https://hh.ru/vacancy/121314292,Не указано,1
Начальник складского комплекса,https://hh.ru/vacancy/121519303,Астана,1
Бухгалтер,https://hh.ru/vacancy/121441300,Не указано,1
Юрист (золоторудная компания),https://hh.ru/vacancy/121539510,Астана,1
Продавец-кассир в ювелирный магазин Pandora (ТРЦ Хан Шатыр),https://hh.ru/vacancy/121495148,Не указано,1
Продавец-консультант,https://hh.ru/vacancy/121468160,Астана,1
Специалист по закупкам,https://hh.ru/vacancy/121532083,Астана,1
Администратор на базу отдыха,https://hh.ru/vacancy/121480218,Не указано,1
Лаборант,https://hh.ru/vacancy/121538269,Нур-Султан (Астана),1
Администратор ресторана,https://hh.ru/vacancy/120464522,Не указано,1
Системный администратор / Тестировщик,https://hh.ru/vacancy/121547267,Не указано,1
Переводчик,https://hh.ru/vacancy/121524032,Не указано,1
Бухгалтер калькулятор,https://hh.ru/vacancy/121504136,Астана,1
Aссистент руководителя /Executive Assistant,https://hh.ru/vacancy/121513810,Нур-Султан (Астана),1
Официант (Cooffe BOOM),https://hh.ru/vacancy/120596090,Не указано,1
Менеджер проекта,https://hh.ru/vacancy/121331216,Не указано,1
Помощник бармена,https://hh.ru/vacancy/120611911,Астана,1
Сотрудник службы контроля,https://hh.ru/vacancy/121496397,Астана,1
Бармен-бариста,https://hh.ru/vacancy/120653984,Астана,1
Бармен,https://hh.ru/vacancy/121276470,Не указано,1
Менеджер АЗС,https://hh.ru/vacancy/121543823,Астана,1
Администратор студии танца,https://hh.ru/vacancy/120708862,Астана,1
Бухгалтер,https://hh.ru/vacancy/121010090,Астана,1
Официант,https://hh.ru/vacancy/121064709,Астана,1
Оператор интернет-заказов,https://hh.ru/vacancy/121526391,Астана,1
Няня годовалому ребенку,https://hh.ru/vacancy/121441788,Астана,1
Юрист,https://hh.ru/vacancy/121448230,Не указано,1
Бухгалтер,https://hh.ru/vacancy/121503314,Астана,1
Юрист по договорной работе,https://hh.ru/vacancy/121542504,Астана,1
Психолог,https://hh.ru/vacancy/121333832,Не указано,1
Оператор-кассир,https://hh.ru/vacancy/121533208,Астана,1
Графический дизайнер,https://hh.ru/vacancy/121454090,Астана,1
Администратор,https://hh.ru/vacancy/121385110,Астана,1
Куратор Quantum Tech School,https://hh.ru/vacancy/121520477,Не указано,1
Администратор салона красоты,https://hh.ru/vacancy/121198082,Астана,1
Бармен,https://hh.ru/vacancy/120658891,Не указано,1
Продавец-консультант,https://hh.ru/vacancy/121480420,Не указано,1
Менеджер по персоналу,https://hh.ru/vacancy/121461137,Астана,1
Консультант в магазин косметики,https://hh.ru/vacancy/121367691,Не указано,1
Главный бухгалтер в одном лице,https://hh.ru/vacancy/121525659,Не указано,1
Сервисный инженер,https://hh.ru/vacancy/121449796,Астана,1
Заместитель главного бухгалтера,https://hh.ru/vacancy/121515465,Не указано,1
Главный редактор / Контент-редактор,https://hh.ru/vacancy/121514559,Астана,1
Официант,https://hh.ru/vacancy/121329597,Не указано,1
Учитель английского языка,https://hh.ru/vacancy/121466765,Не указано,1
Продавец-консультант/кассир в MINISO (ТРЦ Mega Silk Way),https://hh.ru/vacancy/120003594,Не указано,1
Procurement Manager,https://hh.ru/vacancy/121460827,Нур-Султан (Астана),1
Оператор в компьютерный клуб TOP GAME,https://hh.ru/vacancy/121464402,Не указано,1
Территориальный директор ТРЦ,https://hh.ru/vacancy/116467750,Не указано,1
Аналитик,https://hh.ru/vacancy/121130764,Не указано,1
Администратор,https://hh.ru/vacancy/120763185,Астана,1
Бухгалтер материального стола,https://hh.ru/vacancy/121544155,Астана,1
Менеджер по онлайн-продажам товаров,https://hh.ru/vacancy/120581596,Не указано,1
Официант,https://hh.ru/vacancy/121422474,Нур-Султан (Астана),1
Администратор школы вокала,https://hh.ru/vacancy/121443141,Астана,1
Продавец-консультант,https://hh.ru/vacancy/121120533,Астана,1
Администратор ресепшен,https://hh.ru/vacancy/121488808,Астана,1
Директор филиала,https://hh.ru/vacancy/121464599,Астана,1
Продавец-консультант,https://hh.ru/vacancy/121028305,Нур-Султан (Астана),1
Продавец-консультант,https://hh.ru/vacancy/121516154,Астана,1
Официант в кофейню,https://hh.ru/vacancy/120584545,Не указано,1
Администратор на ресепшен,https://hh.ru/vacancy/121458003,Астана,1
Геодезист,https://hh.ru/vacancy/121478363,Не указано,1
Бухгалтер материального стола,https://hh.ru/vacancy/120762530,Не указано,1
Front-End Developer,https://hh.ru/vacancy/121472967,Не указано,1
Официант,https://hh.ru/vacancy/121194304,Астана,1
Бухгалтер материального стола,https://hh.ru/vacancy/121524915,Астана,1
Специалист по кадровому администрированию,https://hh.ru/vacancy/121451935,Астана,1
HR-менеджер,https://hh.ru/vacancy/121536516,Не указано,1
Кассир в кофейню,https://hh.ru/vacancy/119173132,Не указано,1
Бариста/бармен,https://hh.ru/vacancy/121328913,Не указано,1
Сварщик,https://hh.ru/vacancy/121454764,Нур-Султан (Астана),1
Продавец-консультант одежды,https://hh.ru/vacancy/121535104,Астана,1
Продавец-консультант,https://hh.ru/vacancy/120760117,Астана,1
Начальник направления спецтехники,https://hh.ru/vacancy/121479347,Не указано,1
Сервисный инженер,https://hh.ru/vacancy/121495365,Нур-Султан (Астана),1
SMM - мобилограф,https://hh.ru/vacancy/121525794,Астана,1
Администратор салона красоты,https://hh.ru/vacancy/121478742,Астана,1
Офис-менеджер,https://hh.ru/vacancy/121521526,Астана,1
Бармен,https://hh.ru/vacancy/120578658,Не указано,1
Офис-менеджер,https://hh.ru/vacancy/121538459,Астана,1
Frontend/React Native Developer,https://hh.ru/vacancy/121467962,Астана,1
Администратор зала,https://hh.ru/vacancy/121474974,Астана,1
Фасовщик,https://hh.ru/vacancy/121500437,Не указано,1
Помощник дизайнера - Джуниор чертежник,https://hh.ru/vacancy/121384863,Не указано,1
Операционный директор производственного предприятия,https://hh.ru/vacancy/121541217,Астана,1
Администратор,https://hh.ru/vacancy/121452293,Астана,1
Медицинский работник на производство,https://hh.ru/vacancy/121479235,Астана,1
Официант мини-бара,https://hh.ru/vacancy/121362377,Астана,1
Копирайтер со знанием английского языка/рерайтер,https://hh.ru/vacancy/121470506,Астана,1
Таролог,https://hh.ru/vacancy/120508038,Астана,1
Бариста,https://hh.ru/vacancy/121016673,Нур-Султан (Астана),1
Продавец-консультант в магазин для взрослых,https://hh.ru/vacancy/121509125,Астана,1
Продавец-консультант/кассир (ТРЦ Хан Шатыр),https://hh.ru/vacancy/104690151,Не указано,1
Администратор торгового зала (автосалон),https://hh.ru/vacancy/120542973,Не указано,1
Продавец-консультант,https://hh.ru/vacancy/121218141,Астана,1
Охранник,https://hh.ru/vacancy/121495229,Астана,1
Кассир-Бариста,https://hh.ru/vacancy/120927046,Астана,1
Дизайнер проектировщик,https://hh.ru/vacancy/121464866,Не указано,1
Оператор в SimRacing - Компьютерный клуб,https://hh.ru/vacancy/120497200,Астана,1
Администратор на ресепшен,https://hh.ru/vacancy/121108321,Не указано,1
Личный ассистент,https://hh.ru/vacancy/121338225,Не указано,1
СММ-специалист,https://hh.ru/vacancy/121466588,Не указано,1
Бухгалтер по расчету заработной платы,https://hh.ru/vacancy/121536626,Не указано,1
Личный водитель,https://hh.ru/vacancy/121312784,Астана,1
Продавец-консультант,https://hh.ru/vacancy/121509603,Не указано,1
Бухгалтер в единственном лице в ТОО на упрощенном режиме с НДС и ТОО на розничном налоге,https://hh.ru/vacancy/121325449,Не указано,1
Водитель с личным автомобилем,https://hh.ru/vacancy/121371743,,1
Медицинская сестра/Медицинский брат,https://hh.ru/vacancy/121549491,Астана,1
Водитель,https://hh.ru/vacancy/121115703,Не указано,1
Администратор,https://hh.ru/vacancy/121376419,Астана,1
Менеджер-администратор,https://hh.ru/vacancy/121441951,Астана,1
HR специалист,https://hh.ru/vacancy/121490096,Не указано,1
"Учителя математики, музыки, информатики и физкультуры, русского и английского языков",https://hh.ru/vacancy/121517378,Астана,1
"Бортпроводник, г. Астана",https://hh.ru/vacancy/120925601,Не указано,1
Водитель руководителя,https://hh.ru/vacancy/121514956,Не указано,1
Менеджер Центра персонального сервиса,https://hh.ru/vacancy/121168815,Не указано,1
Маркетолог в стоматологию,https://hh.ru/vacancy/121415141,Астана,1
Стажёр Frontend-разработчик,https://hh.ru/vacancy/121515095,Астана,1
Водитель,https://hh.ru/vacancy/121378292,Астана,1
Кассир-бариста,https://hh.ru/vacancy/121401799,Астана,1
Сотрудник зала/Раннер,https://hh.ru/vacancy/120484873,Астана,1
Шеф-повар,https://hh.ru/vacancy/121381581,Не указано,1
Медицинская сестра/медицинский брат,https://hh.ru/vacancy/120747677,Астана,1
Начальник отдела информационных технологий,https://hh.ru/vacancy/121476517,Не указано,1
Менеджер смены,https://hh.ru/vacancy/121217762,Астана,1
Дежурный (охранник),https://hh.ru/vacancy/120583085,Астана,1
Продавец-консультант,https://hh.ru/vacancy/120057496,Астана,1
Начинающий HR менеджер,https://hh.ru/vacancy/121447356,Астана,1
Менеджер объекта BI Service,https://hh.ru/vacancy/121496481,Не указано,1
Менеджер по работе с клиентами (авиаперевозки),https://hh.ru/vacancy/121270532,Астана,1
Библиотекарь,https://hh.ru/vacancy/121379810,Астана,1
Администратор в массажный SPA-салон,https://hh.ru/vacancy/121522182,Астана,1
Руководитель юридической службы,https://hh.ru/vacancy/121449051,Астана,1
Менеджер по продажам,https://hh.ru/vacancy/120895960,Не указано,1
"Менеджер маркетплейсов OZON, TEEZ, WB, HALYK, Omarket",https://hh.ru/vacancy/121529385,Астана,1
Администратор-SMM в салон красоты,https://hh.ru/vacancy/120849126,Астана,1
Продавец-кассир,https://hh.ru/vacancy/121435696,Астана,1
"Продавец-консультант в детский книжный магазин COCOBEE (Улы Дала, 54)",https://hh.ru/vacancy/121468087,Астана,1
Администратор,https://hh.ru/vacancy/121231066,Не указано,1
Главный бухгалтер,https://hh.ru/vacancy/121470465,Астана,1
"Cпециалист по СМК (система менеджмента качества, ISO 9001)",https://hh.ru/vacancy/121257552,Не указано,1
Администратор салона красоты,https://hh.ru/vacancy/121410460,Астана,1
Семейный водитель,https://hh.ru/vacancy/120593458,Не указано,1
Продавец-консультант,https://hh.ru/vacancy/121333610,Астана,1
SMM-менеджер,https://hh.ru/vacancy/121460643,Астана,1
Кассир,https://hh.ru/vacancy/121514720,Астана,1
HR-менеджер в сеть ресторанов,https://hh.ru/vacancy/121469941,Астана,1
Директор магазина,https://hh.ru/vacancy/121527853,Астана,1
Менеджер в пункт выдачи заказов,https://hh.ru/vacancy/121361806,Не указано,1
Data Analyst,https://hh.ru/vacancy/121490913,Не указано,1
BI-аналитик (Power BI),https://hh.ru/vacancy/121382537,Не указано,1
Администратор,https://hh.ru/vacancy/121483597,Не указано,1
Медицинская сестра/Медицинский брат,https://hh.ru/vacancy/121341463,Астана,1
Ассистент-помощник для менеджера WB,https://hh.ru/vacancy/120355304,Не указано,1
Официант/раннер,https://hh.ru/vacancy/121413891,Астана,1
Снабженец,https://hh.ru/vacancy/121500405,Не указано,1
Менеджер по туризму,https://hh.ru/vacancy/120820773,Астана,1
Менеджер по работе с партнерами,https://hh.ru/vacancy/121171223,Нур-Султан (Астана),1
Маркетолог,https://hh.ru/vacancy/121458572,Астана,1
Раннер,https://hh.ru/vacancy/120574475,Астана,1
Медицинская сестра/Медицинский брат,https://hh.ru/vacancy/121186770,Астана,1
Менеджер отдела логистики,https://hh.ru/vacancy/121415979,Астана,1
Кладовщик склада готовой продукции,https://hh.ru/vacancy/121517195,Астана,1
Бухгалтер-кассир,https://hh.ru/vacancy/121473374,Астана,1
Главный менеджер по обработке корреспонденции,https://hh.ru/vacancy/121514957,Не указано,1
Юрист,https://hh.ru/vacancy/121516407,Астана,1
Продавец консультант (на сат сити асфендиярова),https://hh.ru/vacancy/121473618,Астана,1
Бариста,https://hh.ru/vacancy/121516041,Нур-Султан (Астана),1
Офис-менеджер,https://hh.ru/vacancy/121527013,Не указано,1
"Администратор в ""Astana Boxing Club""",https://hh.ru/vacancy/120475654,Астана,1
Управляющий (управляющая),https://hh.ru/vacancy/121201171,Астана,1
Кассир-Бариста в ZEBRA COFFEE,https://hh.ru/vacancy/121232149,Астана,1
Бухгалтер в художественную школу,https://hh.ru/vacancy/121470122,Не указано,1
Исполнитель по договору возмездного оказания услуг (юрист),https://hh.ru/vacancy/121475310,Не указано,1
"Продавец-консультант/продавец-кассир в MANGO Мега Силквей, Керуен Сити, Республика 18, Абу Даби",https://hh.ru/vacancy/119235037,Не указано,1
Администратор в хоккейную школу,https://hh.ru/vacancy/121482787,Астана,1
"Кассир-продавец на АЗС ""Nomad Oil"" на АЗС",https://hh.ru/vacancy/108974177,Астана,1
"Администратор в музыкальной школе, международная сеть",https://hh.ru/vacancy/121330474,Астана,1
Менеджер Каспи магазина,https://hh.ru/vacancy/120909883,Астана,1
Специалист отдела кадров,https://hh.ru/vacancy/121520968,Астана,1
Агент по обслуживанию пассажиров,https://hh.ru/vacancy/120925582,Не указано,1
СММ специалист,https://hh.ru/vacancy/121525433,Астана,1
"Менеджер отдела продаж (чаты/звонки Whatsapp, Instagram)",https://hh.ru/vacancy/121372679,Астана,1
Администратор ресепшен INVICTUS HIGHVILL,https://hh.ru/vacancy/121103517,Астана,1
Кассир,https://hh.ru/vacancy/121403541,Астана,1
Менеджер по персоналу,https://hh.ru/vacancy/121469607,Не указано,1
Оператор в ПВЗ Озон,https://hh.ru/vacancy/120599142,Астана,1
SMM-менеджер,https://hh.ru/vacancy/121441232,Нур-Султан (Астана),1
"SMM-менеджер в магазин женской одежды MAX&Co в ТРЦ ""Керуен"" (ул.Достык, 9)",https://hh.ru/vacancy/121471359,Не указано,1
Офис-менеджер,https://hh.ru/vacancy/120654758,Астана,1
Менеджер по продажам,https://hh.ru/vacancy/121529088,Астана,1
Кассир,https://hh.ru/vacancy/121548704,Не указано,1
Продавец-консультант,https://hh.ru/vacancy/121404334,Астана,1
Юрист,https://hh.ru/vacancy/121505794,Не указано,1
Администратор,https://hh.ru/vacancy/121130739,Астана,1
Backend разработчик (middle),https://hh.ru/vacancy/121519627,Не указано,1
Продавец,https://hh.ru/vacancy/121225145,Не указано,1
Преподаватель Английскому языку,https://hh.ru/vacancy/121223792,Астана,1
Электротехник,https://hh.ru/vacancy/121516343,Не указано,1
Администратор на ресепшен,https://hh.ru/vacancy/121216858,Не указано,1
Продавец-консультант в магазин “Dr.Kong”,https://hh.ru/vacancy/121310850,Астана,1
Аналитик,https://hh.ru/vacancy/121321173,Не указано,1
Бармен в зону отдыха,https://hh.ru/vacancy/121386143,Не указано,1
Водитель-помощник с личным автомобилем,https://hh.ru/vacancy/121435526,Не указано,1
Кассир-операционист,https://hh.ru/vacancy/121460045,Астана,1
Помощник/ассистент руководителя,https://hh.ru/vacancy/121470965,Астана,1
Frontend разработчик (Angular),https://hh.ru/vacancy/121556489,Астана,1
Администратор,https://hh.ru/vacancy/121184678,Астана,1
Бухгалтер,https://hh.ru/vacancy/121452438,Нур-Султан (Астана),1
Администратор пункта выдачи,https://hh.ru/vacancy/121466469,Астана,1
Ассистент тренера по детскому футболу,https://hh.ru/vacancy/120986954,Нур-Султан (Астана),1
Оператор видеонаблюдения БЦ,https://hh.ru/vacancy/121514468,Астана,1
Шеф бармен,https://hh.ru/vacancy/121380909,Не указано,1
Backend developer,https://hh.ru/vacancy/121527188,Не указано,1
Продавец-консультант в магазин одежды,https://hh.ru/vacancy/121130019,Не указано,1
Администратор,https://hh.ru/vacancy/121346178,Астана,1
"Разработчик Java (Java spring boot, JavaEE, EJB/Hibernate), Middle",https://hh.ru/vacancy/121474934,Нур-Султан (Астана),1
SMM-специалист на гибридный график работы,https://hh.ru/vacancy/121314278,Не указано,1
Продавец-консультант,https://hh.ru/vacancy/121193315,Астана,1
Администратор,https://hh.ru/vacancy/121382855,Астана,1
Продавец-консультант,https://hh.ru/vacancy/120661897,Астана,1
Руководитель службы безопасности (CSO / Head of Security) в финтех-стартап,https://hh.ru/vacancy/121395829,Не указано,1
Специалист отдела логистики (старший логист),https://hh.ru/vacancy/121501457,Астана,1
Офис-менеджер для барбершопа,https://hh.ru/vacancy/121507025,Астана,1
Полетный диспетчер (Flight dispatcher),https://hh.ru/vacancy/121110114,Астана,1
Клиентский менеджер Центр банковского обслуживания\Центр бизнеса,https://hh.ru/vacancy/121452944,Не указано,1
运营经理 俄语区 Операционный менеджер,https://hh.ru/vacancy/121533244,Не указано,1
Ученик (детейлинг),https://hh.ru/vacancy/121186409,Астана,1
Юрисконсульт/Юрист/Адвокат,https://hh.ru/vacancy/121526518,Астана,1
Садовник в частный дом,https://hh.ru/vacancy/121503756,Не указано,1
Хостес,https://hh.ru/vacancy/121510953,Астана,1
Продавец-консультант в магазин косметики,https://hh.ru/vacancy/121026438,Нур-Султан (Астана),1
Оператор боулинга,https://hh.ru/vacancy/121359202,Астана,1
Графический дизайнер,https://hh.ru/vacancy/121367133,Астана,1
Продавец-кассир (Happy Cake),https://hh.ru/vacancy/120417794,Не указано,1
Видеограф,https://hh.ru/vacancy/121451816,Не указано,1
Бухгалтер на первичную документацию,https://hh.ru/vacancy/120776022,Не указано,1
Менеджер по прямым продажам,https://hh.ru/vacancy/120918714,Астана,1
Оператор в компьютерный клуб,https://hh.ru/vacancy/121309977,Не указано,1
Оператор игровых аттракционов и аппаратов,https://hh.ru/vacancy/121448953,Астана,1
Старший диспетчер,https://hh.ru/vacancy/121493602,Астана,1
Упаковщик,https://hh.ru/vacancy/120952093,Астана,1
Медицинская сестра/Медицинский брат,https://hh.ru/vacancy/121386017,Астана,1
Менеджер по закупкам и снабжению,https://hh.ru/vacancy/121533845,Астана,1
Кассир-продавец,https://hh.ru/vacancy/118956909,Не указано,1
Няня,https://hh.ru/vacancy/121182341,Астана,1
Продавец-консультант,https://hh.ru/vacancy/121193755,Астана,1
Помощник главного бухгалтера,https://hh.ru/vacancy/119868093,Не указано,1
Продавец-консультант,https://hh.ru/vacancy/121553571,Не указано,1
SMM-менеджер в цветочную,https://hh.ru/vacancy/121443091,Астана,1
Администратор зала,https://hh.ru/vacancy/121508181,Астана,1
Требуется Шеф-Повар/Повара.,https://hh.ru/vacancy/120900523,Не указано,1
SMM - контент менеджер,https://hh.ru/vacancy/121368535,Астана,1
Заведующий производственной базой,https://hh.ru/vacancy/121494201,Астана,1
Директор по развитию бизнеса,https://hh.ru/vacancy/121359950,Не указано,1
Бариста в кофейню Costa Coffee (Keruencity),https://hh.ru/vacancy/120616033,Астана,1
Директор департамента ИТ,https://hh.ru/vacancy/121449657,Не указано,1
"Главный юрист, г. Астана",https://hh.ru/vacancy/121498540,Не указано,1
Бухгалтер по заработной плате,https://hh.ru/vacancy/121361604,Астана,1
Оператор производства (1С),https://hh.ru/vacancy/121517169,Астана,1
Фасовщик продукции,https://hh.ru/vacancy/120943576,Не указано,1
Assistant (Kazakhstan Foreign Investors’ Council Association),https://hh.ru/vacancy/121035022,Не указано,1
HSE менеджер БиОТ (Координатор по обучению),https://hh.ru/vacancy/121504721,Не указано,1
Преподаватель английского языка (в онлайн школу),https://hh.ru/vacancy/120603615,Не указано,1
Координатор управления администрирования ИС (информационных систем),https://hh.ru/vacancy/121539903,Нур-Султан (Астана),1
Продавец-консультант в магазин женской одежды Vivien Wear,https://hh.ru/vacancy/121491498,Астана,1
Медицинская сестра/Медицинский брат,https://hh.ru/vacancy/121343783,Астана,1
Руководитель отдела продаж,https://hh.ru/vacancy/121496344,Астана,1
Главный бухгалтер,https://hh.ru/vacancy/121528609,,1
"Официант (раннер) в кафе Ет-Ет (Елубая Тайбекова, 14)",https://hh.ru/vacancy/120442766,Не указано,1
Java Backend Developer,https://hh.ru/vacancy/121473112,Не указано,1
Продавец-консультант,https://hh.ru/vacancy/121508060,Астана,1
Преподаватель английского языка,https://hh.ru/vacancy/121316722,Не указано,1
Водитель - разнорабочий,https://hh.ru/vacancy/121508049,Не указано,1
Администратор в образовательный центр,https://hh.ru/vacancy/120639091,Не указано,1
Официант в развлекательный комплекс,https://hh.ru/vacancy/121079099,Астана,1
Юрист,https://hh.ru/vacancy/121380357,Не указано,1
Администратор в детский центр,https://hh.ru/vacancy/121190404,Астана,1
Бухгалтер материального стола,https://hh.ru/vacancy/121519615,Астана,1
Бортпроводник,https://hh.ru/vacancy/120610917,Нур-Султан (Астана),1
Главный бухгалтер,https://hh.ru/vacancy/121079215,Нур-Султан (Астана),1
SMM-менеджер,https://hh.ru/vacancy/121545017,Астана,1
Фельдшер,https://hh.ru/vacancy/120965744,Астана,1
Backend-разработчик,https://hh.ru/vacancy/121100936,Не указано,1
Бухгалтер,https://hh.ru/vacancy/121450574,Не указано,1
Авиаагент-стажер,https://hh.ru/vacancy/121452875,Не указано,1
Document Controller,https://hh.ru/vacancy/121519271,Не указано,1
Администратор на ресепшен,https://hh.ru/vacancy/120654999,Не указано,1
Хостес,https://hh.ru/vacancy/121374804,Астана,1
Администратор салона красоты,https://hh.ru/vacancy/121530018,Астана,1
Кассир-продавец,https://hh.ru/vacancy/121269031,Астана,1
Администратор PlayStation клуба,https://hh.ru/vacancy/120658358,Астана,1
Печатник,https://hh.ru/vacancy/120624260,Астана,1
Бариста Costa Coffee Yes Apart,https://hh.ru/vacancy/120773998,Не указано,1
Project Manager,https://hh.ru/vacancy/121388616,Не указано,1
Администратор в клинику дерматологии и косметологии,https://hh.ru/vacancy/121438293,Астана,1
Администратор в детский центр,https://hh.ru/vacancy/121538575,Астана,1
Кассир-администратор,https://hh.ru/vacancy/121096022,Астана,1
Frontend-разработчик,https://hh.ru/vacancy/121344885,Не указано,1
Заготовщик в кафе,https://hh.ru/vacancy/121472902,Астана,1
Администратор,https://hh.ru/vacancy/121118963,Астана,1
SMM-менеджер,https://hh.ru/vacancy/121490604,Астана,1
SMM-Маркетолог,https://hh.ru/vacancy/120959903,Астана,1
Кассир-продавец,https://hh.ru/vacancy/121184294,Астана,1
Бариста,https://hh.ru/vacancy/121229647,Не указано,1
Куратор\ментор в образовательный центр,https://hh.ru/vacancy/120473541,Нур-Султан (Астана),1
Главный бухгалтер,https://hh.ru/vacancy/121456323,Не указано,1
Бармен в MALENA BAR,https://hh.ru/vacancy/121428559,Не указано,1
Менеджер по сопровождению,https://hh.ru/vacancy/121517946,Астана,1
Зоопомощник / Передержка,https://hh.ru/vacancy/120697320,Не указано,1
Оператор call-центра,https://hh.ru/vacancy/120977160,Астана,1
Хостес в компьютерный клуб,https://hh.ru/vacancy/121434188,Астана,1
Бухгалтер по расчету заработной платы,https://hh.ru/vacancy/121554595,Нур-Султан (Астана),1
Продавец-кассир,https://hh.ru/vacancy/120650350,Не указано,1
Раннер (помощник официанта) в сеть ресторанов Korean Нouse,https://hh.ru/vacancy/121194129,Нур-Султан (Астана),1
Маркетолог/SMM/Таргетолог,https://hh.ru/vacancy/121514515,Астана,1
Няня,https://hh.ru/vacancy/121193067,Астана,1
Оператор станков с ЧПУ,https://hh.ru/vacancy/121515043,Астана,1
Графический дизайнер,https://hh.ru/vacancy/120723381,Не указано,1
Администратор образовательного центра,https://hh.ru/vacancy/120943193,Астана,1
Администратор,https://hh.ru/vacancy/121279563,Астана,1
Помощник системного администратора,https://hh.ru/vacancy/121343011,Астана,1
HR менеджер,https://hh.ru/vacancy/121543097,Астана,1
Бухгалтер материального стола,https://hh.ru/vacancy/121473465,Не указано,1
Продавец - консультант онлайн заказов в магазин косметики KIWANO,https://hh.ru/vacancy/120900241,Астана,1
Сотрудник службы безопасности,https://hh.ru/vacancy/121389621,Астана,1
СММ / Инфлюенс менеджер,https://hh.ru/vacancy/121520495,Астана,1
Менеджер по медиапланированию,https://hh.ru/vacancy/121481411,Не указано,1
Эксперт по комплексной проверке контрагентов,https://hh.ru/vacancy/121523456,Не указано,1
Преподаватель английского языка,https://hh.ru/vacancy/121341379,Астана,1
Продавец в фотомагазин,https://hh.ru/vacancy/119723268,Нур-Султан (Астана),1
Продавец-консультант,https://hh.ru/vacancy/121378515,Не указано,1
Marketing Coordinator (SMM),https://hh.ru/vacancy/121520209,Астана,1
Ассистент преподавателя в онлайн-школу,https://hh.ru/vacancy/117692056,Не указано,1
Переводчик-менеджер с Китаем со знанием китайского/русского языка,https://hh.ru/vacancy/120654172,Не указано,1
Полицейский,https://hh.ru/vacancy/120938806,Астана,1
Чертежник,https://hh.ru/vacancy/121363777,Астана,1
Cпециалист технической поддержки,https://hh.ru/vacancy/121474405,Не указано,1
Бармен в ресторан,https://hh.ru/vacancy/121523822,Нур-Султан (Астана),1
Юрист,https://hh.ru/vacancy/121543484,Астана,1
Делопроизводитель (менеджер),https://hh.ru/vacancy/121376398,Не указано,1
Администратор детского сада,https://hh.ru/vacancy/121506132,Астана,1
Администратор на ресепшен,https://hh.ru/vacancy/121038824,Астана,1
Няня в частный детский сад,https://hh.ru/vacancy/121194242,Не указано,1
Диспетчер - весовщик,https://hh.ru/vacancy/121279867,Не указано,1
Официант,https://hh.ru/vacancy/121440988,Не указано,1
Event-менеджер,https://hh.ru/vacancy/120862397,Не указано,1
Продавец-консультант,https://hh.ru/vacancy/121291150,Не указано,1
Электрогазосварщик,https://hh.ru/vacancy/121514421,Астана,1
Продавец-консультант,https://hh.ru/vacancy/121534333,Астана,1
Грузчик,https://hh.ru/vacancy/120440800,Астана,1
Диспетчер,https://hh.ru/vacancy/121337267,Астана,1
Менеджер по маркетплейсу Kaspi,https://hh.ru/vacancy/121327686,Нур-Султан (Астана),1
Водитель,https://hh.ru/vacancy/121360173,Не указано,1
Специалист чат поддержки,https://hh.ru/vacancy/121446070,Не указано,1
Администратор на Регистратуру,https://hh.ru/vacancy/121393216,Нур-Султан (Астана),1
Личный ассистент руководителя (бизнес и личные задачи),https://hh.ru/vacancy/121402733,Астана,1
Младший Продавец-консультант,https://hh.ru/vacancy/120463341,Астана,1
Младший юрист,https://hh.ru/vacancy/121337432,Астана,1
Официант в ресторан Cafeteria Mega Silk Way,https://hh.ru/vacancy/120601804,Астана,1
Администратор,https://hh.ru/vacancy/120774010,Астана,1
Администратор спа салона,https://hh.ru/vacancy/121477646,Астана,1
Бухгалтер,https://hh.ru/vacancy/121501745,Астана,1
Продавец-консультант/кассир(ТРЦ Аружан),https://hh.ru/vacancy/121445936,Не указано,1
Ведущий-обзорщик в Sxodim Astana,https://hh.ru/vacancy/120703727,Не указано,1
Мобилограф / смм специалист / контент мейкер в Спортивный магазин,https://hh.ru/vacancy/121354482,Не указано,1
Техник-электрик,https://hh.ru/vacancy/121114778,Нур-Султан (Астана),1
Раннер/помощник официанта в кофейню,https://hh.ru/vacancy/121217285,Астана,1
Мерчандайзер,https://hh.ru/vacancy/120069931,Астана,1
Куратор/Менеджер по работе со студентами,https://hh.ru/vacancy/121218892,Астана,1
Сборщик заказов в интернет-магазин,https://hh.ru/vacancy/121261342,Не указано,1
Бухгалтер на первичную документацию,https://hh.ru/vacancy/121547276,Астана,1
Няня помощница/помощник по дому,https://hh.ru/vacancy/120785998,Не указано,1
Администратор салона красоты,https://hh.ru/vacancy/121323484,Не указано,1
Специалист по сбору информации,https://hh.ru/vacancy/121454283,Астана,1
Таргетолог / Perfomance - маркетолог,https://hh.ru/vacancy/121452906,Не указано,1
Менеджер-администратор,https://hh.ru/vacancy/121491039,Астана,1
Бухгалтер материального отдела,https://hh.ru/vacancy/121530229,Не указано,1
Помощник электрика,https://hh.ru/vacancy/121365914,Не указано,1
Аниматор в детский парк,https://hh.ru/vacancy/121441362,Астана,1
Продавец-консультант,https://hh.ru/vacancy/121441934,Астана,1
Group Finance Director,https://hh.ru/vacancy/121481559,Не указано,1
Вожатый в лагерь,https://hh.ru/vacancy/120712589,Астана,1
Директор по персоналу (HRD),https://hh.ru/vacancy/121328054,Не указано,1
Продавец-консультант Ploom,https://hh.ru/vacancy/121479096,Не указано,1
Менеджер в отдел продаж фитнес клуб,https://hh.ru/vacancy/120918083,Астана,1
Оператор колл-центра в цветочный магазин,https://hh.ru/vacancy/121194227,Астана,1
Флорист,https://hh.ru/vacancy/121075740,Астана,1
Администратор на ресепшен в клинику,https://hh.ru/vacancy/121320475,Астана,1
Оператор по сбору заказов,https://hh.ru/vacancy/121494938,Астана,1
Помощник нотариуса,https://hh.ru/vacancy/120900072,Не указано,1
Мобилограф,https://hh.ru/vacancy/121448933,Не указано,1
Куратор-ментор по математике (казахские группы),https://hh.ru/vacancy/120882356,Астана,1
Начальник производства,https://hh.ru/vacancy/121448259,Не указано,1
"Associate to Audit (Core Audit, Astana)",https://hh.ru/vacancy/119964840,Астана,1
Юрист,https://hh.ru/vacancy/121204366,Астана,1
Менеджер отдела продаж,https://hh.ru/vacancy/121502619,Астана,1
Эколог-инженер специалист в отдел природоохранного проектирования и нормирования,https://hh.ru/vacancy/121509473,Не указано,1
Продавец-консультант,https://hh.ru/vacancy/121030150,Астана,1
Интерн в Central team (DATAS),https://hh.ru/vacancy/121298814,Не указано,1
Холл-Партнер (официант) в Peak Buro,https://hh.ru/vacancy/120862640,Астана,1
Бухгалтер-кассир,https://hh.ru/vacancy/121452313,Нур-Султан (Астана),1
Продавец-консультант,https://hh.ru/vacancy/120837686,Астана,1
Гид - организатор,https://hh.ru/vacancy/121096412,Не указано,1
Преподаватель английского языка,https://hh.ru/vacancy/121517693,Астана,1
Администратор,https://hh.ru/vacancy/121108351,Астана,1
Грузчик,https://hh.ru/vacancy/121389876,Не указано,1
Операционный директор сети кофеен,https://hh.ru/vacancy/121548047,Не указано,1
Администратор в йога и детскую студию,https://hh.ru/vacancy/120939026,Астана,1
Офис-менеджер,https://hh.ru/vacancy/121261615,Не указано,1
Frontend-разработчик,https://hh.ru/vacancy/121309518,Астана,1
Middle Frontend Developer (React),https://hh.ru/vacancy/121227397,Нур-Султан (Астана),1
Педагог в детский центр,https://hh.ru/vacancy/121459861,Астана,1
Руководитель Chocofood в Астане,https://hh.ru/vacancy/121476043,Не указано,1
Руководитель отдела продаж,https://hh.ru/vacancy/121545344,Не указано,1
Графический дизайнер,https://hh.ru/vacancy/121546826,Астана,1
Помощник Бухгалтера,https://hh.ru/vacancy/120814501,Астана,1
Хостес,https://hh.ru/vacancy/121348624,Астана,1
Менеджер по бронированию,https://hh.ru/vacancy/121361661,Астана,1
"Оператор 1С, баз данных",https://hh.ru/vacancy/121493734,Нур-Султан (Астана),1
Middle/Senior BI-инженер,https://hh.ru/vacancy/121524636,Нур-Султан (Астана),1
Помощник главного бухгалтера,https://hh.ru/vacancy/121512149,Астана,1
Ассистент (помощник) руководителя в магазин одежды,https://hh.ru/vacancy/121020318,Астана,1
Менеджер по продажам,https://hh.ru/vacancy/120768743,Астана,1
Продавец-консультант в алкомаркет,https://hh.ru/vacancy/121109431,Астана,1
"Продавец-консультант (ТРЦ ТЦ Евразия, пр.Республики 21, ТРЦ Mega Silkway)",https://hh.ru/vacancy/120537871,Не указано,1
Администратор,https://hh.ru/vacancy/121279026,село Баянаул,1
Помощник/ассистент руководителя Champion Fitness,https://hh.ru/vacancy/121394564,Астана,1
Коммерческий директор (CCO),https://hh.ru/vacancy/121509113,Астана,1
Администратор торгового зала,https://hh.ru/vacancy/121172213,Нур-Султан (Астана),1
Оператор call-центра в вечернюю смену,https://hh.ru/vacancy/121201446,Астана,1
Специалист службы поддержки клиентов,https://hh.ru/vacancy/121151462,Нур-Султан (Астана),1
Специалист по чат-ботам,https://hh.ru/vacancy/121386676,Астана,1
Продавец-консультант,https://hh.ru/vacancy/121453684,Нур-Султан (Астана),1
Backend-разработчик,https://hh.ru/vacancy/121473102,Астана,1
Видеоинженер,https://hh.ru/vacancy/121519581,Нур-Султан (Астана),1
Преподаватель английского языка,https://hh.ru/vacancy/121547610,Нур-Султан (Астана),1
Видеооператор,https://hh.ru/vacancy/120556495,Астана,1
Личный ассистент,https://hh.ru/vacancy/120982297,Нур-Султан (Астана),1
Диспетчер ГСМ,https://hh.ru/vacancy/121536271,Не указано,1
Помощник администратора ресепшен,https://hh.ru/vacancy/120890776,Астана,1
Администратор СПА салона,https://hh.ru/vacancy/121222852,Астана,1
Видеограф,https://hh.ru/vacancy/121458904,Астана,1
Бармен-кассир,https://hh.ru/vacancy/121322621,Астана,1
Продавец-консультант,https://hh.ru/vacancy/121353362,Астана,1
Продавец-консультант (ТРЦ Хан Шатыр 0этаж),https://hh.ru/vacancy/121008240,Нур-Султан (Астана),1
Медицинская сестра/медицинский брат,https://hh.ru/vacancy/121448149,Астана,1
Бухгалтер по расчету заработной платы,https://hh.ru/vacancy/121334506,Нур-Султан (Астана),1
Оператор на доставку в кафе Et-Et,https://hh.ru/vacancy/121507619,Астана,1
Офис-менеджер,https://hh.ru/vacancy/121325513,Астана,1
Менеджер по тендерам,https://hh.ru/vacancy/121522046,Не указано,1
Исполнительный директор (CEO),https://hh.ru/vacancy/121455608,Астана,1
Администратор,https://hh.ru/vacancy/121410803,Астана,1
Менеджер по кадровому делопроизводству,https://hh.ru/vacancy/121448261,Астана,1
"Кассир-билетер в кинотеатр ""Chaplin Cinemas"", г.Астана",https://hh.ru/vacancy/121199119,Не указано,1
Юрист,https://hh.ru/vacancy/121371818,Не указано,1
Junior Product Manager,https://hh.ru/vacancy/121526522,Не указано,1
Главный специалист отдела мониторинга,https://hh.ru/vacancy/121522535,Нур-Султан (Астана),1
Продавец-консультант,https://hh.ru/vacancy/120343517,Астана,1
Менеджер в ресторан Del Papa,https://hh.ru/vacancy/121417044,Астана,1
Официант,https://hh.ru/vacancy/120490186,Астана,1
Хостес,https://hh.ru/vacancy/121227453,Астана,1
Администратор кофейни,https://hh.ru/vacancy/121437615,Астана,1
Администратор в стоматологию,https://hh.ru/vacancy/121285576,Астана,1
Администратор клиники Дан-Ай,https://hh.ru/vacancy/121304370,Нур-Султан (Астана),1
Няня/помощница/помощник по дому,https://hh.ru/vacancy/121517891,Астана,1
Специалист технической поддержки (L2),https://hh.ru/vacancy/121554072,Не указано,1
Специалист со знанием Autocad,https://hh.ru/vacancy/121027478,Не указано,1
Дизайнер,https://hh.ru/vacancy/121512897,Астана,1
Начальник службы безопасности,https://hh.ru/vacancy/120746385,Нур-Султан (Астана),1
Кассир-продавец 3/3,https://hh.ru/vacancy/121538536,Астана,1
Контент-мейкер в архитектурную компанию,https://hh.ru/vacancy/121501489,Не указано,1
Продавец-консультант,https://hh.ru/vacancy/121036094,Не указано,1
Продавец-консультант,https://hh.ru/vacancy/120606353,Астана,1
Флорист,https://hh.ru/vacancy/121032512,Не указано,1
Бармен,https://hh.ru/vacancy/121334909,Не указано,1
Специалист административного департамента,https://hh.ru/vacancy/121383916,Не указано,1
Ассистент врача-стоматолога,https://hh.ru/vacancy/121415498,Астана,1
Руководитель отдела продаж,https://hh.ru/vacancy/121538897,Нур-Султан (Астана),1
Шеф-повар,https://hh.ru/vacancy/121384014,Не указано,1
Помощник в полиграфию,https://hh.ru/vacancy/120667657,Астана,1
Менеджер по продажам в цветочный магазин,https://hh.ru/vacancy/121399574,Астана,1
Помощник/ассистент руководителя,https://hh.ru/vacancy/120507885,Не указано,1
Няня (Помощница-помощник воспитателя) в детский сад,https://hh.ru/vacancy/120759668,Астана,1
Помощник бармена,https://hh.ru/vacancy/120940495,Астана,1
Главный бухгалтер,https://hh.ru/vacancy/121441443,Не указано,1
Продавец-консультант,https://hh.ru/vacancy/121060741,Не указано,1
Персональный водитель руководителя,https://hh.ru/vacancy/121150289,Нур-Султан (Астана),1
Администратор салона красоты,https://hh.ru/vacancy/121441054,Нур-Султан (Астана),1
Официант,https://hh.ru/vacancy/121446487,Астана,1
Менеджер по кадровому делопроизводству,https://hh.ru/vacancy/121453820,Астана,1
Юрист (в единственном лице),https://hh.ru/vacancy/121549083,Астана,1
Руководитель строительного проекта,https://hh.ru/vacancy/121519120,Петропавловск,1
Специалист по сетям,https://hh.ru/vacancy/121473892,Не указано,1
Продавец-консультант,https://hh.ru/vacancy/120448392,Не указано,1
Менеджер Ozon и wildberries,https://hh.ru/vacancy/120938655,Астана,1
Официант-бармен,https://hh.ru/vacancy/121438617,Астана,1
Разнорабочий,https://hh.ru/vacancy/121496341,Астана,1
Продавец - консультант в магазин Amani казахстанский бренд женской одежды,https://hh.ru/vacancy/121435416,Астана,1
Администратор стоматологической клиники,https://hh.ru/vacancy/121436340,Астана,1
Повар,https://hh.ru/vacancy/121516276,Астана,1
Инженер-энергетик на ГРЭС (Государственная районная электрическая станция),https://hh.ru/vacancy/121540011,Не указано,1
SMM-менеджер,https://hh.ru/vacancy/121545540,Не указано,1
Помощник руководителя,https://hh.ru/vacancy/121384123,Астана,1
Графический дизайнер,https://hh.ru/vacancy/121315803,Нур-Султан (Астана),1
Водитель-механик,https://hh.ru/vacancy/121319231,Не указано,1
Упаковщик,https://hh.ru/vacancy/121470440,Астана,1
Оператор Станка,https://hh.ru/vacancy/120988263,Астана,1
Менеджер по обработке онлайн заявок,https://hh.ru/vacancy/121458482,Астана,1
Администратор салона красоты,https://hh.ru/vacancy/120708596,Астана,1
Оператор приемки товаров,https://hh.ru/vacancy/121525191,Нур-Султан (Астана),1
Повар универсал на Golf Club,https://hh.ru/vacancy/121276349,Не указано,1
Бухгалтер по расчету заработной платы,https://hh.ru/vacancy/120766400,Астана,1
Руководитель торгового центра,https://hh.ru/vacancy/116467919,Не указано,1
Администратор в стоматологическую клинику,https://hh.ru/vacancy/121070542,Астана,1
Кассир,https://hh.ru/vacancy/121466713,Астана,1
Продавец-консультант,https://hh.ru/vacancy/120831637,Астана,1
Fullstack Junior,https://hh.ru/vacancy/121086113,Не указано,1
Менеджер по обработке заявок,https://hh.ru/vacancy/120783722,Астана,1
Повар холодного цеха,https://hh.ru/vacancy/121438445,Астана,1
Журналист социальных сетей новостного портала,https://hh.ru/vacancy/120948215,Не указано,1
Бухгалтер-материалист,https://hh.ru/vacancy/121385859,Не указано,1
Помощник отдела кадров,https://hh.ru/vacancy/121340210,Нур-Султан (Астана),1
Начальник ситуационного центра,https://hh.ru/vacancy/121451405,Астана,1
Бухгалтер-оператор (СНТ),https://hh.ru/vacancy/121452550,Астана,1
Воспитатель для малышей на пол дня,https://hh.ru/vacancy/121252448,Астана,1
Делопроизводитель,https://hh.ru/vacancy/121295546,Не указано,1
"Водитель-экспедитор на газели, минивен, универсал",https://hh.ru/vacancy/121384052,Астана,1
Авиа-агент,https://hh.ru/vacancy/121391515,Астана,1
Бухгалтер,https://hh.ru/vacancy/121542838,Не указано,1
Менеджер по продажам / администратор в студию стретчинга,https://hh.ru/vacancy/121190713,Астана,1
Медицинский регистратор,https://hh.ru/vacancy/121205605,Не указано,1
Преподаватель английского языка,https://hh.ru/vacancy/121554224,Астана,1
Грузчик,https://hh.ru/vacancy/120754476,Нур-Султан (Астана),1
Бухгалтер,https://hh.ru/vacancy/121229983,Астана,1
Офис-менеджер,https://hh.ru/vacancy/121472743,Астана,1
Руководитель отдела продаж,https://hh.ru/vacancy/121441483,Астана,1
HR-специалист,https://hh.ru/vacancy/121525934,Не указано,1
Продавец-консультант,https://hh.ru/vacancy/120456052,Астана,1
Менеджер в типографию,https://hh.ru/vacancy/120781848,Астана,1
Водитель-экспедитор,https://hh.ru/vacancy/121211763,Астана,1
Официант,https://hh.ru/vacancy/120684994,Астана,1
"Кондитер,Кондитер оформитель,помощник кондитера,",https://hh.ru/vacancy/121500173,Астана,1
Няня для ребёнка с РАС,https://hh.ru/vacancy/120837962,Астана,1
Юрист,https://hh.ru/vacancy/121153171,Нур-Султан (Астана),1
Офис-менеджер,https://hh.ru/vacancy/121333709,Астана,1
Электрик,https://hh.ru/vacancy/121454385,Нур-Султан (Астана),1
Бариста,https://hh.ru/vacancy/121384088,Астана,1
Администратор в стоматологию,https://hh.ru/vacancy/121321348,Астана,1
Куратор в образовательный центр,https://hh.ru/vacancy/121457754,Не указано,1
Менеджер по продажам,https://hh.ru/vacancy/120939004,Нур-Султан (Астана),1
Охранник,https://hh.ru/vacancy/120940474,Астана,1
Менеджер по продажам выходного дня в ночь,https://hh.ru/vacancy/121278388,Астана,1
Охранник,https://hh.ru/vacancy/121361982,Астана,1
Повар,https://hh.ru/vacancy/121490983,Астана,1
Сборщик сэндвичей и хот-догов (Астана),https://hh.ru/vacancy/121451445,Не указано,1
Педагог-воспитатель на ПОЛДНЯ,https://hh.ru/vacancy/121538620,Астана,1
Администратор в центр коррекции фигуры,https://hh.ru/vacancy/119428491,Астана,1
Монтажер,https://hh.ru/vacancy/120445683,Не указано,1
Художник-витражист,https://hh.ru/vacancy/121391548,Астана,1
Раннер (помощник официанта) ресторана Дареджани,https://hh.ru/vacancy/121526404,Астана,1
Продавец-консультант в мужской магазин Billion.co (Бауыржан Момышулы 23),https://hh.ru/vacancy/121044111,Астана,1
"Продавец-кассир в сеть магазинов ""Солод""",https://hh.ru/vacancy/118808240,Не указано,1
Менеджер офиса поддержки участников,https://hh.ru/vacancy/120910246,Не указано,1
Продавец-консультант (ТРЦ Хан Шатыр),https://hh.ru/vacancy/120770159,Астана,1
Продавец-консультант,https://hh.ru/vacancy/121039443,Астана,1
Ведущий бухгалтер в консалтинговую компанию (МФЦА),https://hh.ru/vacancy/121204678,Не указано,1
Помощник костюмера/Костюмер,https://hh.ru/vacancy/121324966,Астана,1
Официант / Waiter (for Salter’s restaurant),https://hh.ru/vacancy/120407306,Астана,1
Ассистент лаборатории,https://hh.ru/vacancy/120895899,Астана,1
Врач терапевтического профиля,https://hh.ru/vacancy/121438110,Не указано,1
Бухгалтер материального стола,https://hh.ru/vacancy/121509642,Астана,1
Личный ассистент директора,https://hh.ru/vacancy/121394754,Астана,1
Хостес,https://hh.ru/vacancy/120586234,Астана,1
Делопроизводитель в офис с функцией помощника юриста в отдел документооборота,https://hh.ru/vacancy/121460973,Астана,1
Администратор,https://hh.ru/vacancy/120629244,Не указано,1
IT Project Manager (Middle+),https://hh.ru/vacancy/121208684,Не указано,1
Administrative Specialist,https://hh.ru/vacancy/121443624,Не указано,1
Няня помощница / помощник,https://hh.ru/vacancy/120345213,Не указано,1
Менеджер отдела продаж,https://hh.ru/vacancy/120845306,Нур-Султан (Астана),1
Администратор,https://hh.ru/vacancy/121324844,Астана,1
SMM-менеджер,https://hh.ru/vacancy/121439156,Астана,1
Ментор (Астана),https://hh.ru/vacancy/120844752,Астана,1
Администратор,https://hh.ru/vacancy/120937955,Астана,1
Оператор в Автосалон,https://hh.ru/vacancy/121376347,Не указано,1
Руководитель Отдела Бренд-маркетинга,https://hh.ru/vacancy/121448177,Не указано,1
Администратор стоматологической клиники выходного дня,https://hh.ru/vacancy/121542137,Астана,1
SMM-специалист / Контент-мейкер / Универсальный креатор,https://hh.ru/vacancy/121344494,Не указано,1
Охранник БЦ,https://hh.ru/vacancy/120979130,Астана,1
"Фармацевт в сеть аптек ""Emirmed"" г. Астана",https://hh.ru/vacancy/121481624,Астана,1
Visa Case Manager,https://hh.ru/vacancy/121515550,Не указано,1
Менеджер по логистике,https://hh.ru/vacancy/121434426,Астана,1
Digital-специалист (с клиентами и соцсетями),https://hh.ru/vacancy/121171448,Не указано,1
Технолог пищевого производства,https://hh.ru/vacancy/121309608,Не указано,1
Менеджер по продажам в киностудию KZ FILM,https://hh.ru/vacancy/121435606,Астана,1
Специалист по обслуживанию клиентов,https://hh.ru/vacancy/121538253,Не указано,1
Главный инженер/Заместитель директора по производству,https://hh.ru/vacancy/121556508,Не указано,1
Reels-мейкер / Контент-мейкер,https://hh.ru/vacancy/120866389,Не указано,1
Стажер - помощник бухгалтера в консалтинговую компанию-участник МФЦА,https://hh.ru/vacancy/121318945,Нур-Султан (Астана),1
Генеральный директор,https://hh.ru/vacancy/121321301,Астана,1
Администратор в кофейню,https://hh.ru/vacancy/121359836,Астана,1
Мобилограф/модель,https://hh.ru/vacancy/120912499,Астана,1
Инженер,https://hh.ru/vacancy/121291346,Не указано,1
Специалист по тендерам и договорной работе,https://hh.ru/vacancy/121454648,Астана,1
Бармен-кассир,https://hh.ru/vacancy/120588056,Астана,1
Разнорабочий,https://hh.ru/vacancy/121210651,Нур-Султан (Астана),1
Оператор видеонаблюдения,https://hh.ru/vacancy/121390178,Астана,1
Рабочий по очистке ТБО,https://hh.ru/vacancy/121454753,Не указано,1
Менеджер по персоналу,https://hh.ru/vacancy/121466896,Астана,1
Финансовый менеджер (золоторудная компания),https://hh.ru/vacancy/121062869,Не указано,1
Администратор в стоматологию ONE DENT,https://hh.ru/vacancy/121189768,Не указано,1
Кладовщик-табельщик,https://hh.ru/vacancy/121540762,Не указано,1
Флорист,https://hh.ru/vacancy/120844170,Не указано,1
Администратор медицинского центра,https://hh.ru/vacancy/121164710,Астана,1
Бухгалтер-калькулятор,https://hh.ru/vacancy/121280818,Не указано,1
Торговый представитель,https://hh.ru/vacancy/121011440,Астана,1
Детский психолог,https://hh.ru/vacancy/121457893,Астана,1
HR менеджер,https://hh.ru/vacancy/121380879,Астана,1
Водитель руководителя департамента,https://hh.ru/vacancy/121534868,Астана,1
Процедурная медсестра/процедурный медбрат,https://hh.ru/vacancy/120826419,Астана,1
Преподаватель английского языка/English Teacher,https://hh.ru/vacancy/121198282,Астана,1
Промоутер,https://hh.ru/vacancy/121272735,Не указано,1
Project Manager / Scrum Master,https://hh.ru/vacancy/121284958,Не указано,1
Продавец-кассир,https://hh.ru/vacancy/121361920,Астана,1
Офис-менеджер,https://hh.ru/vacancy/121446539,Астана,1
Оператор call-центра,https://hh.ru/vacancy/121449422,Не указано,1
Исполнительный помощник,https://hh.ru/vacancy/121457460,Астана,1
Продавец-консультант товаров для дома,https://hh.ru/vacancy/120653669,Астана,1
Продавец-консультант,https://hh.ru/vacancy/120840508,Астана,1
Продавец-консультант,https://hh.ru/vacancy/121400621,Астана,1
Бизнес-аналитик,https://hh.ru/vacancy/121522437,Не указано,1
Уборщица/Уборщик,https://hh.ru/vacancy/121437477,Нур-Султан (Астана),1
Admissions Assistant,https://hh.ru/vacancy/121262542,Не указано,1
Педагог по рисованию,https://hh.ru/vacancy/121500097,Нур-Султан (Астана),1
Системный администратор,https://hh.ru/vacancy/121154001,Не указано,1
Работник склада,https://hh.ru/vacancy/121483458,Астана,1
Грузчик на склад в Астане,https://hh.ru/vacancy/121514684,Не указано,1
Project Assistant,https://hh.ru/vacancy/121018631,Астана,1
Разнорабочий,https://hh.ru/vacancy/121316238,Астана,1
Юрист,https://hh.ru/vacancy/121348508,Астана,1
Преподаватель английского языка/English Teacher,https://hh.ru/vacancy/121198198,Астана,1
VIP Customer Support,https://hh.ru/vacancy/121394924,Не указано,1
Специалист по поиску данных,https://hh.ru/vacancy/120447438,Не указано,1
Заведующий складом,https://hh.ru/vacancy/121515308,Не указано,1
Мобилограф,https://hh.ru/vacancy/121547705,Астана,1
Администратор гостиницы,https://hh.ru/vacancy/120988921,Не указано,1
HR менеджер (рекрутер),https://hh.ru/vacancy/121540491,Не указано,1
Бухгалтер,https://hh.ru/vacancy/121542713,Не указано,1
Бухгалтер,https://hh.ru/vacancy/120549416,Не указано,1
Кассир в ресторан МАРАНИ,https://hh.ru/vacancy/121437342,Астана,1
Администратор в косметологическую клинику,https://hh.ru/vacancy/121439757,Не указано,1
Коуч по развитию персонала,https://hh.ru/vacancy/121526416,Не указано,1
Бухгалтер,https://hh.ru/vacancy/121264626,Астана,1
Middle Backend разработчик (Python),https://hh.ru/vacancy/121322724,Нур-Султан (Астана),1
Кассир,https://hh.ru/vacancy/120841322,Не указано,1
Главный бухгалтер в команду,https://hh.ru/vacancy/121102840,Не указано,1
Управляющий фастфудом,https://hh.ru/vacancy/121360783,Астана,1
Офис-менеджер,https://hh.ru/vacancy/120771328,Астана,1
Бармен в ресторанную группу,https://hh.ru/vacancy/121438325,Не указано,1
Бухгалтер-оператор,https://hh.ru/vacancy/121441057,Астана,1
Менеджер первичных продаж,https://hh.ru/vacancy/121087807,Астана,1
"Консультант по работе с клиентами (ТРЦ ""Khan Shatyr Mall"")",https://hh.ru/vacancy/121441721,Не указано,1
Преподаватель английского языка для детей,https://hh.ru/vacancy/120718082,Не указано,1
Заместитель директора по коммерции,https://hh.ru/vacancy/121316223,Нур-Султан (Астана),1
Техник,https://hh.ru/vacancy/121451246,Не указано,1
Продавец-консультант,https://hh.ru/vacancy/121387703,Астана,1
Продавец-консультант в шоурум (бытовая техника) СРОЧНО!!!,https://hh.ru/vacancy/120436218,Астана,1
Менеджер по развитию бизнеса / Business Development Manager,https://hh.ru/vacancy/121529133,Астана,1
Офис-менеджер,https://hh.ru/vacancy/119381283,Астана,1
Специалист по валютным операциям,https://hh.ru/vacancy/121360388,Не указано,1
Технический директор,https://hh.ru/vacancy/121372185,Не указано,1
Водитель на личном автомобиле,https://hh.ru/vacancy/121516682,Астана,1
Программист 1С (ученик),https://hh.ru/vacancy/120785877,Астана,1
Делопроизводитель,https://hh.ru/vacancy/120793497,Астана,1
Помощник маркетолога,https://hh.ru/vacancy/121014847,Не указано,1
Офис-менеджер,https://hh.ru/vacancy/121029026,Астана,1
Кассир в Cooffe BOOM,https://hh.ru/vacancy/121156745,Не указано,1
Менеджер по продажам,https://hh.ru/vacancy/121157978,Не указано,1
Офис-менеджер (SMM PR),https://hh.ru/vacancy/121379781,Астана,1
Администратор в стоматологию / ресепшен,https://hh.ru/vacancy/120763646,Астана,1
Процедурная медсестра / Процедурный медбрат,https://hh.ru/vacancy/121473180,Астана,1
Начальник склада,https://hh.ru/vacancy/121494076,Нур-Султан (Астана),1
Data Scientist (ML),https://hh.ru/vacancy/121152496,Не указано,1
Парковщик самокатов,https://hh.ru/vacancy/121448798,Не указано,1
Юрист,https://hh.ru/vacancy/120538164,Нур-Султан (Астана),1
Эксперт 1 категории Департамента энергетики и жилищно-коммунального хозяйства,https://hh.ru/vacancy/121456093,Нур-Султан (Астана),1
Сторож,https://hh.ru/vacancy/120938634,Астана,1
Менеджер ресторана,https://hh.ru/vacancy/121518931,Астана,1
Продавец-консультант,https://hh.ru/vacancy/120998833,Астана,1
Корпоративный секретарь,https://hh.ru/vacancy/121284692,Астана,1
Маркетолог,https://hh.ru/vacancy/121369427,Не указано,1
Массажист,https://hh.ru/vacancy/121424541,Не указано,1
"Эксперт, Технический аудит поставщиков",https://hh.ru/vacancy/121458625,Не указано,1
"Директор филиала, г. Астана",https://hh.ru/vacancy/121110696,Не указано,1
Hr-менеджер (рекрутер) в онлайн-школу,https://hh.ru/vacancy/121479576,Не указано,1
Ассистент бухгалтера по работе с поставщиками в г.Астана,https://hh.ru/vacancy/121328433,Астана,1
Менеджер по туризму,https://hh.ru/vacancy/121509619,Астана,1
IT Recruiter\Специалист по подбору персонала,https://hh.ru/vacancy/121515982,Не указано,1
Продавец-консультант,https://hh.ru/vacancy/121202374,Астана,1
Специалист отдела кадров,https://hh.ru/vacancy/121380306,Не указано,1
Продавец-консультант,https://hh.ru/vacancy/121356877,Астана,1
Помощник управляющего/секретарь,https://hh.ru/vacancy/121437812,Не указано,1
Системный администратор,https://hh.ru/vacancy/121449832,Астана,1
Начальник службы номерного фонда,https://hh.ru/vacancy/121451621,Астана,1
Юрист,https://hh.ru/vacancy/121516784,Не указано,1
Уборщик офиса,https://hh.ru/vacancy/120770785,Не указано,1
Кредитный аналитик / финансовый аналитик (специалист) / инвестиционный менеджер,https://hh.ru/vacancy/121485351,Не указано,1
Оператор 1С на склад,https://hh.ru/vacancy/121496121,Не указано,1
Няня-помощница/помощник по дому,https://hh.ru/vacancy/121308657,Нур-Султан (Астана),1
Администратор кафе,https://hh.ru/vacancy/121385384,Не указано,1
Сантехник,https://hh.ru/vacancy/121492554,Астана,1
Продавец-консультант,https://hh.ru/vacancy/121185734,Нур-Султан (Астана),1
Младший менеджер по персоналу,https://hh.ru/vacancy/121319515,Астана,1
Рекламщик,https://hh.ru/vacancy/121443695,Астана,1
SMM/Контент - менеджер,https://hh.ru/vacancy/121468820,Астана,1
Аналитик в IT,https://hh.ru/vacancy/121543869,Нур-Султан (Астана),1
Барбек-ранер,https://hh.ru/vacancy/121047158,Астана,1
Кладовщик,https://hh.ru/vacancy/121298429,Не указано,1
Мастер по обслуживанию гостиницы (Электрик/сантехник/плотник),https://hh.ru/vacancy/121510166,Нур-Султан (Астана),1
Администратор клиники,https://hh.ru/vacancy/121538239,Нур-Султан (Астана),1
Менеджер по продажам,https://hh.ru/vacancy/121260605,Астана,1
Помощник адвоката,https://hh.ru/vacancy/121395281,Нур-Султан (Астана),1
Резервный водитель,https://hh.ru/vacancy/121456152,Астана,1
Кладовщик,https://hh.ru/vacancy/121511467,Нур-Султан (Астана),1
Продавец-консультант магазин Colins,https://hh.ru/vacancy/121063161,Не указано,1
Администратор в маникюрный салон,https://hh.ru/vacancy/120635865,Астана,1
Оператор на станок,https://hh.ru/vacancy/121285835,Нур-Султан (Астана),1
Директор международной школы,https://hh.ru/vacancy/121494581,Не указано,1
Старший миграционный консультант,https://hh.ru/vacancy/120827977,Астана,1
Преподаватель английского языка,https://hh.ru/vacancy/121151919,Не указано,1
Стажер по Data Science в AI-стартап,https://hh.ru/vacancy/121192840,Не указано,1
Менеджер по закупкам,https://hh.ru/vacancy/121232429,Астана,1
Бизнес-ассистент,https://hh.ru/vacancy/121475128,Не указано,1
Администратор офиса,https://hh.ru/vacancy/121372096,Астана,1
Продавец-Консультант в Корейский Магазин Miko,https://hh.ru/vacancy/120652640,Нур-Султан (Астана),1
Секретарь на ресепшен,https://hh.ru/vacancy/120735830,Не указано,1
Оператор call-центра,https://hh.ru/vacancy/121307192,Астана,1
Проектный менеджер,https://hh.ru/vacancy/121063939,Не указано,1
Онлайн-менеджер,https://hh.ru/vacancy/121520934,Не указано,1
Middle Front End Разработчик,https://hh.ru/vacancy/120957045,Астана,1
Администратор барбершоп,https://hh.ru/vacancy/121123962,Астана,1
Руководитель технической поддержки,https://hh.ru/vacancy/120787597,Астана,1
Менеджер по продажам,https://hh.ru/vacancy/121271858,Не указано,1
Бухгалтер материального стола,https://hh.ru/vacancy/121505349,Нур-Султан (Астана),1
Авиаагент,https://hh.ru/vacancy/121339537,Не указано,1
Кассир-оператор,https://hh.ru/vacancy/121045020,Не указано,1
Product Manager (гейминг),https://hh.ru/vacancy/121464383,Не указано,1
Продавец-кассир в кафе Et-Et,https://hh.ru/vacancy/120989085,Астана,1
Няня,https://hh.ru/vacancy/121268686,Астана,1
Главный бухгалтер,https://hh.ru/vacancy/121317171,Астана,1
Бухгалтер,https://hh.ru/vacancy/121448465,Астана,1
Менеджер объекта BI Service,https://hh.ru/vacancy/121360266,Не указано,1
Менеджер по кадровому делопроизводству,https://hh.ru/vacancy/121462536,Астана,1
Бухгалтер,https://hh.ru/vacancy/121521501,Не указано,1
Няня,https://hh.ru/vacancy/120762966,Не указано,1
Менеджер (администратор) кафе,https://hh.ru/vacancy/121468716,Астана,1
Junior Java разработчик (Стажер),https://hh.ru/vacancy/121161105,Не указано,1
Помощник главного бухгалтера,https://hh.ru/vacancy/121442433,Астана,1
Продавец-консультант,https://hh.ru/vacancy/120180016,Астана,1
Менеджер по туризму,https://hh.ru/vacancy/120693658,Не указано,1
Управляющий коттеджем,https://hh.ru/vacancy/120798165,Не указано,1
Помощник логиста,https://hh.ru/vacancy/121368930,Астана,1
Бариста,https://hh.ru/vacancy/120829054,Нур-Султан (Астана),1
Продавец-консультант ECCO,https://hh.ru/vacancy/121290322,Не указано,1
Помощник руководителя,https://hh.ru/vacancy/121421646,Астана,1
Менеджер по продажам в MANGILIK ARENA,https://hh.ru/vacancy/121441587,Астана,1
Бариста,https://hh.ru/vacancy/121453604,Астана,1
Ассистент врача-стоматолога,https://hh.ru/vacancy/121477822,Астана,1
Автомойщик,https://hh.ru/vacancy/120916603,Нур-Султан (Астана),1
Руководитель кафедры казахского языка,https://hh.ru/vacancy/121495454,Не указано,1
Администратор,https://hh.ru/vacancy/120848093,Астана,1
Мастер пробоподготовки,https://hh.ru/vacancy/121441309,Астана,1
"Менеджер интернет заказов (магазин ""Детский Мир"") ТРЦ ""Абу-Даби Плаза""",https://hh.ru/vacancy/121524226,Не указано,1
Продавец-консультант,https://hh.ru/vacancy/121187094,Астана,1
Бармен Marcello,https://hh.ru/vacancy/121464281,Нур-Султан (Астана),1
Таргетолог,https://hh.ru/vacancy/120637163,Не указано,1
Бухгалтер по реализации,https://hh.ru/vacancy/121199373,Астана,1
Бухгалтер/Помощник бухгалтера,https://hh.ru/vacancy/121308478,Астана,1
Техничка (уборщик),https://hh.ru/vacancy/121107608,Астана,1
Финансовый директор,https://hh.ru/vacancy/121378670,Астана,1
DevOps специалист,https://hh.ru/vacancy/121450503,Не указано,1
Backend Engineer Python,https://hh.ru/vacancy/121409562,Не указано,1
Директор магазина в ТЦ Алма-Ата,https://hh.ru/vacancy/121432294,Не указано,1
Медицинский координатор,https://hh.ru/vacancy/121500145,Не указано,1
Ресепшионист-кассир в гостиницу,https://hh.ru/vacancy/120890550,Астана,1
Повар,https://hh.ru/vacancy/121436271,Астана,1
Визуализатор - архитектор/дизайнер,https://hh.ru/vacancy/121442191,Астана,1
Менеджер по продажам,https://hh.ru/vacancy/121539826,Астана,1
Оператор call-центра в киностудию KZ FILM,https://hh.ru/vacancy/119883894,Астана,1
Водитель,https://hh.ru/vacancy/120867926,Астана,1
Менеджер по персоналу,https://hh.ru/vacancy/121060325,Не указано,1
Электрик по обслуживанию оборудования на производственном участке,https://hh.ru/vacancy/121446690,Астана,1
Бухгалтер,https://hh.ru/vacancy/121452292,Не указано,1
Менеджер по работе с клиентами Whatsapp/Direct,https://hh.ru/vacancy/120806427,Астана,1
Бухгалтер,https://hh.ru/vacancy/121454244,Не указано,1
SMM-менеджер,https://hh.ru/vacancy/121461191,Астана,1
Кладовщик,https://hh.ru/vacancy/121221859,Астана,1
Офис-менеджер со знанием китайского языка,https://hh.ru/vacancy/121471222,Астана,1
Водитель-экспедитор,https://hh.ru/vacancy/121539963,Астана,1
Помощник повара,https://hh.ru/vacancy/121288088,Нур-Султан (Астана),1
Менеджер в филиал ресторана Black Duck,https://hh.ru/vacancy/121511069,Астана,1
Повар,https://hh.ru/vacancy/119153663,Нур-Султан (Астана),1
Упаковщик,https://hh.ru/vacancy/120343000,Астана,1
Повар в ресторан ЭРА,https://hh.ru/vacancy/121337799,Не указано,1
Коммерческий директор (CCO),https://hh.ru/vacancy/121489724,Не указано,1
Middle Developer (Back-end разработчик),https://hh.ru/vacancy/121323246,Не указано,1
Тренер,https://hh.ru/vacancy/120849599,Астана,1
Middle Python разработчик,https://hh.ru/vacancy/121470597,Не указано,1
Персональный водитель руководителя,https://hh.ru/vacancy/120812213,Не указано,1
Официант,https://hh.ru/vacancy/121101070,Не указано,1
Инженер по ТБ и БиОТ,https://hh.ru/vacancy/121380465,Астана,1
Технический менеджер проекта (электроника),https://hh.ru/vacancy/121465846,Астана,1
Продавец-флорист,https://hh.ru/vacancy/120655771,Астана,1
Продавец-консультант (ул. Куйши Дина 31),https://hh.ru/vacancy/121087471,Нур-Султан (Астана),1
Администратор,https://hh.ru/vacancy/121272812,Астана,1
Главный бухгалтер,https://hh.ru/vacancy/121451558,Астана,1
Менеджер по продажам автомобилей,https://hh.ru/vacancy/121441667,Астана,1
Менеджер по закупкам и снабжению,https://hh.ru/vacancy/120546598,Астана,1
Менеджер по работе с партнерами,https://hh.ru/vacancy/120765078,Астана,1
Менеджер Департамента HR,https://hh.ru/vacancy/121157891,Не указано,1
Финансист,https://hh.ru/vacancy/121540592,Астана,1
Повар универсал,https://hh.ru/vacancy/120940454,Астана,1
Контролер службы безопасности,https://hh.ru/vacancy/121540435,Астана,1
Администратор детского центра,https://hh.ru/vacancy/119673164,Нур-Султан (Астана),1
Кассир-оператор (Бахус),https://hh.ru/vacancy/119852098,Астана,1
Комплектовщик заказов,https://hh.ru/vacancy/121320508,Астана,1
Сотрудник на сборку упаковки,https://hh.ru/vacancy/121070576,Астана,1
Бармен-кассир,https://hh.ru/vacancy/121130583,Не указано,1
"Раннер (помощник официанта) (в итальянский ресторан ""Bella Ciao"")",https://hh.ru/vacancy/121294283,Не указано,1
Сварщик,https://hh.ru/vacancy/120815877,Нур-Султан (Астана),1
Бухгалтер-кассир,https://hh.ru/vacancy/121031772,Не указано,1
Бармен бариста,https://hh.ru/vacancy/121298260,Косшы,1
Лаборант БСУ,https://hh.ru/vacancy/121455082,Астана,1
Ассистент стоматолога,https://hh.ru/vacancy/121525277,Астана,1
Разнорабочий,https://hh.ru/vacancy/121540262,Астана,1
Помощник управляющего отелем,https://hh.ru/vacancy/121088462,Астана,1
Системный администратор,https://hh.ru/vacancy/121149775,Не указано,1
Administrative assistant,https://hh.ru/vacancy/121293013,Не указано,1
Заведующий складом,https://hh.ru/vacancy/121317194,Астана,1
Секретарь,https://hh.ru/vacancy/121465735,Астана,1
Хостес,https://hh.ru/vacancy/121465943,Не указано,1
Бармен-кассир,https://hh.ru/vacancy/120937949,Астана,1
Снабженец,https://hh.ru/vacancy/120957742,Не указано,1
Хостес,https://hh.ru/vacancy/121358390,Нур-Султан (Астана),1
Продавец-консультант,https://hh.ru/vacancy/121516872,Астана,1
Администратор офиса,https://hh.ru/vacancy/121012507,Астана,1
Личный ассистент руководителя,https://hh.ru/vacancy/121342342,Не указано,1
Торговый представитель,https://hh.ru/vacancy/121446232,Астана,1
Менеджер по продажам в интернет-магазин (район ЭКСПО),https://hh.ru/vacancy/120518614,Астана,1
Корреспондент в конвергентную редакцию,https://hh.ru/vacancy/120843885,Не указано,1
Делопроизводитель,https://hh.ru/vacancy/120852232,Астана,1
Менеджер по продажам ювелирных изделий,https://hh.ru/vacancy/120872898,Астана,1
Торговый представитель,https://hh.ru/vacancy/121441922,Астана,1
Главный бухгалтер,https://hh.ru/vacancy/121474468,Астана,1
Учитель английского языка,https://hh.ru/vacancy/120930074,Астана,1
Менеджер по продажам косметики,https://hh.ru/vacancy/121123322,Астана,1
Финансовый менеджер,https://hh.ru/vacancy/121441204,Не указано,1
Графический дизайнер,https://hh.ru/vacancy/121152911,Астана,1
Кассир в минимаркете,https://hh.ru/vacancy/121217435,Астана,1
Руководитель отдела рекрутинга,https://hh.ru/vacancy/121479554,Не указано,1
Менеджер специальных проектов,https://hh.ru/vacancy/121517720,Не указано,1
Администратор магазина женской одежды,https://hh.ru/vacancy/120749213,Астана,1
Кавист,https://hh.ru/vacancy/120981873,Астана,1
DevOps engineer,https://hh.ru/vacancy/121362399,Не указано,1
Администратор в студию йоги / менеджер по продажам (Анет баба 9/1Б),https://hh.ru/vacancy/120660595,Астана,1
Продавец-консультант в бутик мужской одежды премиум-класса BUGATTI,https://hh.ru/vacancy/120827179,Астана,1
Ведущий аниматор,https://hh.ru/vacancy/120981093,Астана,1
Администратор,https://hh.ru/vacancy/121036175,Не указано,1
Врач - косметолог с высшим медицинским образованием,https://hh.ru/vacancy/121376694,Астана,1
Раннер (помощник официанта),https://hh.ru/vacancy/119620361,Астана,1
Мерчендайзер,https://hh.ru/vacancy/120672246,Астана,1
SMM-менеджер,https://hh.ru/vacancy/121131596,Не указано,1
Оператор call-центра,https://hh.ru/vacancy/121334622,Астана,1
Продавец-консультант,https://hh.ru/vacancy/121451006,Астана,1
Помощник официанта/Раннер в ресторан Сыроварня by Arkady Novikov,https://hh.ru/vacancy/121106868,Астана,1
Халықаралық қатынастар бағытының сарапшысы / Эксперт Направления международных отношений,https://hh.ru/vacancy/121473589,Не указано,1
Дизайнер графических работ,https://hh.ru/vacancy/120795717,Астана,1
Сварщик металлоконструкций,https://hh.ru/vacancy/121445481,Нур-Султан (Астана),1
Водитель-экспедитор,https://hh.ru/vacancy/121507239,Нур-Султан (Астана),1
Продавец-консультант,https://hh.ru/vacancy/120784701,Не указано,1
Продавец-консультант в магазин косметики,https://hh.ru/vacancy/121025881,Не указано,1
Фоторетушер недвижимости,https://hh.ru/vacancy/121271569,Не указано,1
Руководитель отдела IT-инфраструктуры,https://hh.ru/vacancy/121356497,Не указано,1
HR Manager,https://hh.ru/vacancy/121464391,Астана,1
Менеджер ресторана,https://hh.ru/vacancy/121507774,Астана,1
Персональный тренер тренажерного зала,https://hh.ru/vacancy/120654421,Не указано,1
Мобилограф,https://hh.ru/vacancy/120825042,Астана,1
Таргетолог,https://hh.ru/vacancy/120955556,Астана,1
Оператор Call-центра,https://hh.ru/vacancy/121042559,Не указано,1
Бариста-Кассир (бабл ти),https://hh.ru/vacancy/121048053,Астана,1
Администратор Клиники,https://hh.ru/vacancy/121351672,Астана,1
Помощник флориста,https://hh.ru/vacancy/121364439,Астана,1
Продавец-консультант техники (Apple),https://hh.ru/vacancy/121391062,Алматы,1
Бариста- кассир,https://hh.ru/vacancy/121403474,Астана,1
Project Manager (строительные объекты),https://hh.ru/vacancy/121460371,Астана,1
Администратор-кассир в компьютерный клуб,https://hh.ru/vacancy/121416069,Астана,1
Помощник бухгалтера,https://hh.ru/vacancy/121472389,Астана,1
Генеральный директор (CEO) в E-Groсery компанию,https://hh.ru/vacancy/120169826,Не указано,1
Главный бухгалтер,https://hh.ru/vacancy/121208179,Не указано,1
Менеджер по продажам,https://hh.ru/vacancy/121483771,Астана,1
Менеджер по продажам,https://hh.ru/vacancy/120505148,Косшы,1
Продавец-консультант с онлайн заявками,https://hh.ru/vacancy/121451498,Астана,1
Архитектор-визуализатор,https://hh.ru/vacancy/121527367,Астана,1
Начинающий специалист,https://hh.ru/vacancy/120660469,Астана,1
Фасовщик,https://hh.ru/vacancy/121015886,Астана,1
Помощник/ассистент руководителя,https://hh.ru/vacancy/121105834,Астана,1
Специалист-печатник в Полиграфию (помощник дизайнера),https://hh.ru/vacancy/121328985,Астана,1
Фасовщик на склад канцелярии,https://hh.ru/vacancy/121353975,Не указано,1
Бариста в Кофейню,https://hh.ru/vacancy/120651473,Астана,1
Оператор-монтажёр Tengrinews.kz,https://hh.ru/vacancy/121269960,Астана,1
Массажист,https://hh.ru/vacancy/121424589,Не указано,1